id,type,region,income,development,LDC,SIDS,id_display,category_display
Africa,region,Africa,,,,,Africa,Region
Developing Asia and Oceania,region,Developing Asia and Oceania,,,,,Developing Asia and Oceania,Region
Europe and Central Asia*,region,Europe and Central Asia*,,,,,Europe and Central Asia*,Region
Latin America and the Caribbean,region,Latin America and the Caribbean,,,,,Latin America and the Caribbean,Region
Developed countries,development,,,Developed countries,,,Developed countries,Development Status
Developing countries,development,,,Developing countries,,,Developing countries,Development Status
Low income countries,income,,Low income,,,,Low income countries,Income
Lower middle income countries,income,,Lower middle income,,,,Lower middle income countries,Income
Upper middle income countries,income,,Upper middle income,,,,Upper middle income countries,Income
High income countries,income,,High income,,,,High income countries,Income
Least developed countries,LDC,,,,1,,Least developed countries,Special Group
Small island developing states,SIDS,,,,,1,Small island developing states,Special Group
AF,country,Developing Asia and Oceania,Low income,Developing countries,1,0,Afghanistan,
AO,country,Africa,Lower middle income,Developing countries,1,0,Angola,
AL,country,Europe and Central Asia*,Upper middle income,Developed countries,0,0,Albania,
AE,country,Developing Asia and Oceania,High income,Developing countries,0,0,United Arab Emirates,
AR,country,Latin America and the Caribbean,Upper middle income,Developing countries,0,0,Argentina,
AM,country,Developing Asia and Oceania,Upper middle income,Developing countries,0,0,Armenia,
AG,country,Latin America and the Caribbean,High income,Developing countries,0,1,Antigua and Barbuda,
AU,country,,High income,Developed countries,0,0,Australia,
AT,country,,High income,Developed countries,0,0,Austria,
AZ,country,Developing Asia and Oceania,Upper middle income,Developing countries,0,0,Azerbaijan,
BI,country,Africa,Low income,Developing countries,1,0,Burundi,
BE,country,,High income,Developed countries,0,0,Belgium,
BJ,country,Africa,Lower middle income,Developing countries,1,0,Benin,
BF,country,Africa,Low income,Developing countries,1,0,Burkina Faso,
BD,country,Developing Asia and Oceania,Lower middle income,Developing countries,1,0,Bangladesh,
BG,country,,High income,Developed countries,0,0,Bulgaria,
BH,country,Developing Asia and Oceania,High income,Developing countries,0,0,Bahrain,
BS,country,Latin America and the Caribbean,High income,Developing countries,0,1,Bahamas,
BA,country,Europe and Central Asia*,Upper middle income,Developed countries,0,0,Bosnia and Herzegovina,
BY,country,Europe and Central Asia*,Upper middle income,Developed countries,0,0,Belarus,
BZ,country,Latin America and the Caribbean,Upper middle income,Developing countries,0,1,Belize,
BO,country,Latin America and the Caribbean,Lower middle income,Developing countries,0,0,Plurinational State of Bolivia,
BR,country,Latin America and the Caribbean,Upper middle income,Developing countries,0,0,Brazil,
BB,country,Latin America and the Caribbean,High income,Developing countries,0,1,Barbados,
BN,country,Developing Asia and Oceania,High income,Developing countries,0,0,Brunei Darussalam,
BT,country,Developing Asia and Oceania,Lower middle income,Developing countries,0,0,Bhutan,
BW,country,Africa,Upper middle income,Developing countries,0,0,Botswana,
CF,country,Africa,Low income,Developing countries,1,0,Central African Republic,
CA,country,,High income,Developed countries,0,0,Canada,
CH,country,,High income,Developed countries,0,0,Switzerland,
CL,country,Latin America and the Caribbean,High income,Developing countries,0,0,Chile,
CN,country,Developing Asia and Oceania,Upper middle income,Developing countries,0,0,China,
CI,country,Africa,Lower middle income,Developing countries,0,0,Côte d'Ivoire,
CM,country,Africa,Lower middle income,Developing countries,0,0,Cameroon,
CD,country,Africa,Low income,Developing countries,1,0,Democratic Republic of the Congo,
CG,country,Africa,Lower middle income,Developing countries,0,0,Congo,
CO,country,Latin America and the Caribbean,Upper middle income,Developing countries,0,0,Colombia,
KM,country,Africa,Lower middle income,Developing countries,1,1,Comoros,
CV,country,Africa,Upper middle income,Developing countries,0,1,Cabo Verde,
CR,country,Latin America and the Caribbean,High income,Developing countries,0,0,Costa Rica,
CY,country,,High income,Developed countries,0,0,Cyprus,
CZ,country,,High income,Developed countries,0,0,Czechia,
DE,country,,High income,Developed countries,0,0,Germany,
DJ,country,Africa,Lower middle income,Developing countries,1,0,Djibouti,
DM,country,Latin America and the Caribbean,Upper middle income,Developing countries,0,1,Dominica,
DK,country,,High income,Developed countries,0,0,Denmark,
DO,country,Latin America and the Caribbean,Upper middle income,Developing countries,0,1,Dominican Republic,
DZ,country,Africa,Upper middle income,Developing countries,0,0,Algeria,
EC,country,Latin America and the Caribbean,Upper middle income,Developing countries,0,0,Ecuador,
EG,country,Africa,Lower middle income,Developing countries,0,0,Egypt,
ER,country,Africa,Low income,Developing countries,1,0,Eritrea,
ES,country,,High income,Developed countries,0,0,Spain,
EE,country,,High income,Developed countries,0,0,Estonia,
ET,country,Africa,Low income,Developing countries,1,0,Ethiopia,
FI,country,,High income,Developed countries,0,0,Finland,
FJ,country,Developing Asia and Oceania,Upper middle income,Developing countries,0,1,Fiji,
FR,country,,High income,Developed countries,0,0,France,
FM,country,Developing Asia and Oceania,Upper middle income,Developing countries,0,1,Federated States of Micronesia,
GA,country,Africa,Upper middle income,Developing countries,0,0,Gabon,
GB,country,,High income,Developed countries,0,0,United Kingdom of Great Britain and Northern Ireland,
GE,country,Developing Asia and Oceania,Upper middle income,Developing countries,0,0,Georgia,
GH,country,Africa,Lower middle income,Developing countries,0,0,Ghana,
GN,country,Africa,Lower middle income,Developing countries,1,0,Guinea,
GM,country,Africa,Low income,Developing countries,1,0,Republic of The Gambia,
GW,country,Africa,Low income,Developing countries,1,1,Guinea Bissau,
GQ,country,Africa,Upper middle income,Developing countries,0,0,Equatorial Guinea,
GR,country,,High income,Developed countries,0,0,Greece,
GD,country,Latin America and the Caribbean,Upper middle income,Developing countries,0,1,Grenada,
GT,country,Latin America and the Caribbean,Upper middle income,Developing countries,0,0,Guatemala,
GY,country,Latin America and the Caribbean,High income,Developing countries,0,1,Guyana,
HN,country,Latin America and the Caribbean,Lower middle income,Developing countries,0,0,Honduras,
HR,country,,High income,Developed countries,0,0,Croatia,
HT,country,Latin America and the Caribbean,Lower middle income,Developing countries,1,1,Haiti,
HU,country,,High income,Developed countries,0,0,Hungary,
ID,country,Developing Asia and Oceania,Upper middle income,Developing countries,0,0,Indonesia,
IN,country,Developing Asia and Oceania,Lower middle income,Developing countries,0,0,India,
IE,country,,High income,Developed countries,0,0,Ireland,
IR,country,Developing Asia and Oceania,Upper middle income,Developing countries,0,0,Islamic Republic of Iran,
IQ,country,Developing Asia and Oceania,Upper middle income,Developing countries,0,0,Iraq,
IS,country,,High income,Developed countries,0,0,Iceland,
IL,country,,High income,Developed countries,0,0,Israel,
IT,country,,High income,Developed countries,0,0,Italy,
JM,country,Latin America and the Caribbean,Upper middle income,Developing countries,0,1,Jamaica,
JO,country,Developing Asia and Oceania,Upper middle income,Developing countries,0,0,Jordan,
JP,country,,High income,Developed countries,0,0,Japan,
KZ,country,Developing Asia and Oceania,Upper middle income,Developing countries,0,0,Kazakhstan,
KE,country,Africa,Lower middle income,Developing countries,0,0,Kenya,
KG,country,Developing Asia and Oceania,Lower middle income,Developing countries,0,0,Kyrgyzstan,
KH,country,Developing Asia and Oceania,Lower middle income,Developing countries,1,0,Cambodia,
KI,country,Developing Asia and Oceania,Lower middle income,Developing countries,1,1,Kiribati,
KN,country,Latin America and the Caribbean,High income,Developing countries,0,1,Saint Kitts and Nevis,
KR,country,,High income,Developed countries,0,0,Republic of Korea,
KW,country,Developing Asia and Oceania,High income,Developing countries,0,0,Kuwait,
LA,country,Developing Asia and Oceania,Lower middle income,Developing countries,1,0,Lao People's Democratic Republic,
LB,country,Developing Asia and Oceania,Lower middle income,Developing countries,0,0,Lebanon,
LR,country,Africa,Low income,Developing countries,1,0,Liberia,
LY,country,Africa,Upper middle income,Developing countries,0,0,Libya,
LC,country,Latin America and the Caribbean,Upper middle income,Developing countries,0,1,Saint Lucia,
LI,country,,High income,Developed countries,0,0,Liechtenstein,
LK,country,Developing Asia and Oceania,Upper middle income,Developing countries,0,0,Sri Lanka,
LS,country,Africa,Lower middle income,Developing countries,1,0,Lesotho,
LT,country,,High income,Developed countries,0,0,Lithuania,
LU,country,,High income,Developed countries,0,0,Luxembourg,
LV,country,,High income,Developed countries,0,0,Latvia,
MA,country,Africa,Lower middle income,Developing countries,0,0,Morocco,
MD,country,Europe and Central Asia*,Upper middle income,Developed countries,0,0,Republic of Moldova,
MG,country,Africa,Low income,Developing countries,1,0,Madagascar,
MV,country,Developing Asia and Oceania,Upper middle income,Developing countries,0,1,Maldives,
MX,country,Latin America and the Caribbean,Upper middle income,Developing countries,0,0,Mexico,
MH,country,Developing Asia and Oceania,Upper middle income,Developing countries,0,1,Marshall Islands,
MK,country,Europe and Central Asia*,Upper middle income,Developed countries,0,0,North Macedonia,
ML,country,Africa,Low income,Developing countries,1,0,Mali,
MT,country,,High income,Developed countries,0,0,Malta,
MM,country,Developing Asia and Oceania,Lower middle income,Developing countries,1,0,Myanmar,
ME,country,Europe and Central Asia*,Upper middle income,Developed countries,0,0,Montenegro,
MN,country,Developing Asia and Oceania,Upper middle income,Developing countries,0,0,Mongolia,
MZ,country,Africa,Low income,Developing countries,1,0,Mozambique,
MR,country,Africa,Lower middle income,Developing countries,1,0,Mauritania,
MU,country,Africa,Upper middle income,Developing countries,0,1,Mauritius,
MW,country,Africa,Low income,Developing countries,1,0,Malawi,
MY,country,Developing Asia and Oceania,Upper middle income,Developing countries,0,0,Malaysia,
NA,country,Africa,Lower middle income,Developing countries,0,0,Namibia,
NE,country,Africa,Low income,Developing countries,1,0,Niger,
NG,country,Africa,Lower middle income,Developing countries,0,0,Nigeria,
NI,country,Latin America and the Caribbean,Lower middle income,Developing countries,0,0,Nicaragua,
NL,country,,High income,Developed countries,0,0,Netherlands,
NO,country,,High income,Developed countries,0,0,Norway,
NP,country,Developing Asia and Oceania,Lower middle income,Developing countries,1,0,Nepal,
NR,country,Developing Asia and Oceania,High income,Developing countries,0,1,Nauru,
NZ,country,,High income,Developed countries,0,0,New Zealand,
OM,country,Developing Asia and Oceania,High income,Developing countries,0,0,Oman,
PK,country,Developing Asia and Oceania,Lower middle income,Developing countries,0,0,Pakistan,
PA,country,Latin America and the Caribbean,High income,Developing countries,0,0,Panama,
PE,country,Latin America and the Caribbean,Upper middle income,Developing countries,0,0,Peru,
PH,country,Developing Asia and Oceania,Upper middle income,Developing countries,0,0,Philippines,
PW,country,Developing Asia and Oceania,High income,Developing countries,0,1,Palau,
PG,country,Developing Asia and Oceania,Lower middle income,Developing countries,0,1,Papua New Guinea,
PL,country,,High income,Developed countries,0,0,Poland,
PT,country,,High income,Developed countries,0,0,Portugal,
PY,country,Latin America and the Caribbean,Upper middle income,Developing countries,0,0,Paraguay,
QA,country,Developing Asia and Oceania,High income,Developing countries,0,0,Qatar,
RO,country,,High income,Developed countries,0,0,Romania,
RU,country,Europe and Central Asia*,High income,Developed countries,0,0,Russian Federation,
RW,country,Africa,Low income,Developing countries,1,0,Rwanda,
SA,country,Developing Asia and Oceania,High income,Developing countries,0,0,Saudi Arabia,
SD,country,Africa,Low income,Developing countries,1,0,Sudan,
SN,country,Africa,Lower middle income,Developing countries,1,0,Senegal,
SG,country,Developing Asia and Oceania,High income,Developing countries,0,1,Singapore,
SB,country,Developing Asia and Oceania,Lower middle income,Developing countries,1,1,Solomon Islands,
SL,country,Africa,Low income,Developing countries,1,0,Sierra Leone,
SV,country,Latin America and the Caribbean,Upper middle income,Developing countries,0,0,El Salvador,
SO,country,Africa,Low income,Developing countries,1,0,Somalia,
RS,country,Europe and Central Asia*,Upper middle income,Developed countries,0,0,Serbia,
SS,country,Africa,Low income,Developing countries,1,0,South Sudan,
ST,country,Africa,Lower middle income,Developing countries,0,1,Sao Tome and Principe,
SR,country,Latin America and the Caribbean,Upper middle income,Developing countries,0,1,Suriname,
SK,country,,High income,Developed countries,0,0,Slovakia,
SI,country,,High income,Developed countries,0,0,Slovenia,
SE,country,,High income,Developed countries,0,0,Sweden,
SZ,country,Africa,Lower middle income,Developing countries,0,0,Eswatini,
SC,country,Africa,High income,Developing countries,0,1,Seychelles,
SY,country,Developing Asia and Oceania,Low income,Developing countries,0,0,Syrian Arab Republic,
TD,country,Africa,Low income,Developing countries,1,0,Chad,
TG,country,Africa,Lower middle income,Developing countries,1,0,Togo,
TH,country,Developing Asia and Oceania,Upper middle income,Developing countries,0,0,Thailand,
TJ,country,Developing Asia and Oceania,Lower middle income,Developing countries,0,0,Tajikistan,
TM,country,Developing Asia and Oceania,Upper middle income,Developing countries,0,0,Turkmenistan,
TL,country,Developing Asia and Oceania,Lower middle income,Developing countries,1,1,Timor-Leste,
TO,country,Developing Asia and Oceania,Upper middle income,Developing countries,0,1,Tonga,
TT,country,Latin America and the Caribbean,High income,Developing countries,0,1,Trinidad and Tobago,
TN,country,Africa,Lower middle income,Developing countries,0,0,Tunisia,
TR,country,Developing Asia and Oceania,Upper middle income,Developing countries,0,0,Türkiye,
TV,country,Developing Asia and Oceania,Upper middle income,Developing countries,1,1,Tuvalu,
TZ,country,Africa,Lower middle income,Developing countries,1,0,United Republic of Tanzania,
UG,country,Africa,Low income,Developing countries,1,0,Uganda,
UA,country,Europe and Central Asia*,Upper middle income,Developed countries,0,0,Ukraine,
UY,country,Latin America and the Caribbean,High income,Developing countries,0,0,Uruguay,
US,country,,High income,Developed countries,0,0,United States of America,
UZ,country,Developing Asia and Oceania,Lower middle income,Developing countries,0,0,Uzbekistan,
VC,country,Latin America and the Caribbean,Upper middle income,Developing countries,0,1,Saint Vincent and the Grenadines,
VE,country,Latin America and the Caribbean,Lower middle income,Developing countries,0,0,Bolivarian Republic of Venezuela,
VN,country,Developing Asia and Oceania,Upper middle income,Developing countries,0,0,Viet Nam,
VU,country,Developing Asia and Oceania,Lower middle income,Developing countries,0,1,Vanuatu,
WS,country,Developing Asia and Oceania,Upper middle income,Developing countries,0,1,Samoa,
YE,country,Developing Asia and Oceania,Low income,Developing countries,1,0,Yemen,
ZA,country,Africa,Upper middle income,Developing countries,0,0,South Africa,
ZM,country,Africa,Lower middle income,Developing countries,1,0,Zambia,
ZW,country,Africa,Lower middle income,Developing countries,0,0,Zimbabwe,
CU,country,Latin America and the Caribbean,Upper middle income,Developing countries,0,1,Cuba,
