number,indicator,indicator_full,indicator_key,desire,decimals,indicator_short,format,group,round_digits,max_label,max_overall_label,min,max,min_overall,max_overall
1.1,gov_debt_to_gdp_perc,Public debt as a share of GDP,gov_debt_to_gdp_perc,Neutral,1,as a share of GDP,percent,Public debt,2,3.1,3.5,0.0,3.08747,0.0,3.45523
1.2,gov_debt_usd_billions,Public debt in US$ billions,gov_debt_usd_billions,Neutral,0,in US$ billions,dollar,Public debt,2,39000.0,39000.0,0.00208974,38116.09853449999,2.32e-05,38116.09853449999
1.3,gov_debt_usd_per_capita,Public debt in US$ per capita,gov_debt_usd_per_capita,Neutral,0,in US$ per capita,dollar,Public debt,2,180000.0,180000.0,35.768569238409235,176159.39394455563,0.0204425999110041,176159.39394455563
2.1,external_ppg_perc_gdp,External PPG debt as a share of GDP,external_ppg_perc_gdp,Neutral,1,as a share of GDP,percent,External public debt,2,1.2000000000000002,1.7000000000000002,0.0,1.1496042870922665,0.0,1.622712768346165
2.2,external_ppg_usd_billions,External PPG debt in US$ billions,external_ppg_usd_billions,Neutral,0,in US$ billions,dollar,External public debt,1,600.0,600.0,0.05,504.1125309,1e-05,554.292253837
2.3,external_ppg_per_capita,External PPG debt in US$ per capita,external_ppg_per_capita,Neutral,0,in US$ per capita,dollar,External public debt,2,21000.0,27000.0,3.5327731585987197,20830.17256803652,0.0088114654788811,26822.2846235031
3.1,multilateral_share_external_ppg,Multilateral creditors as a share of external PPG debt,multilateral_share_external_ppg,Neutral,1,multilateral,percent,External public debt by creditor,1,1.0,1.0,0.0,0.9750520640237748,0.0,1.0
3.2,bilateral_share_external_ppg,Bilateral creditors as a share of external PPG debt,bilateral_share_external_ppg,Neutral,1,bilateral,percent,External public debt by creditor,1,0.7000000000000001,1.0,0.0,0.692793159124746,0.0,0.950467925180165
3.3,private_share_external_ppg,Private creditors as a share of external PPG debt,private_share_external_ppg,Neutral,1,private,percent,External public debt by creditor,1,1.0,1.0,0.0,0.9024591762233546,0.0,0.935612200551518
4.1,gov_net_interest_perc_gdp,Public debt interest payments as a share of GDP,gov_net_interest_perc_gdp,Lower is better,1,as a share of GDP,percent,Public debt interest payments,2,0.1,0.11,-0.30607,0.0982,-0.30607,0.10675
4.2,gov_net_interest_perc_revenues,Public debt interest payments as a share of revenues,gov_net_interest_perc_revenues,Lower is better,1,as a share of net revenue,percent,Public debt interest payments,1,0.7000000000000001,0.8,-0.3901018366280477,0.6093701520322682,-0.3948132286462051,0.7986978237602569
4.3,gov_net_interest_per_capita,Public debt interest payments in US$ per capita,gov_net_interest_per_capita,Lower is better,0,in US$ per capita,dollar,Public debt interest payments,2,3300.0,3300.0,-9611.581525396145,3237.2797005695247,-9611.581525396145,3237.2797005695247
5.1,gov_spending_perc_gdp,Public spending as a share of GDP,gov_spending_perc_gdp,Higher is better,1,public spend. as a share of GDP,percent,Development spending,2,1.2000000000000002,1.5,0.0,1.18371,0.0,1.45873
5.2,edu_spending_perc_gdp,Public education expenditure as a share of GDP,edu_spending_perc_gdp,Higher is better,1,education as a share of GDP,percent,Development spending,2,0.17,0.17,0.0,0.1639052999999999,0.0,0.1639052999999999
5.3,health_spending_perc_gdp,Public health expenditure as share of GDP,health_spending_perc_gdp,Higher is better,1,health as a share of GDP,percent,Development spending,2,0.2,0.2,0.0,0.1972272300999999,0.0,0.1972272300999999
6.1,net_interest_perc_gov_spending,Ratio of public interest payments to public spending,net_interest_perc_gov_spending,Lower is better,1,ratio of net interest to public spend.,number,Debt burden relative to development spending,1,0.4,0.5,-0.517071138423081,0.3985384179918687,-0.517071138423081,0.458407985666752
6.2,net_interest_perc_educ_spending,Ratio of public interest payments to education expenditure,net_interest_perc_educ_spending,Lower is better,1,ratio of net interest to education,number,Debt burden relative to development spending,2,9.0,9.0,-3.856787256665051,8.90402877323571,-4.584919242010103,8.90402877323571
6.3,net_interest_perc_health_spending,Ratio of public interest payments to health expenditure,net_interest_perc_health_spending,Lower is better,1,ratio of net interest to health,number,Debt burden relative to development spending,1,8.0,8.0,-5.243661600315689,7.599263378069886,-5.6642822675687565,7.761970849082605
